Data,Cidade,Representante,Produto,Unidades,preco_unitario,Receita
2023-06-28,Pimenta,Representante 6,Produto A,51,75,3825
2023-01-14,Arcos,Representante 10,Produto C,26,30,780
2023-07-14,Formiga,Representante 12,Produto A,2,75,150
2023-11-02,Piumhi,Representante 15,Produto A,20,80,1600
2023-04-28,Formiga,Representante 9,Produto A,13,75,975
2023-10-26,Formiga,Representante 15,Produto C,76,95,7220
2023-08-17,Formiga,Representante 4,Produto C,47,35,1645
2023-09-01,Piumhi,Representante 9,Produto B,98,100,9800
2023-01-14,Piumhi,Representante 5,Produto A,87,65,5655
2023-06-02,Formiga,Representante 14,Produto A,61,10,610
2023-03-31,Pimenta,Representante 17,Produto A,60,70,4200
2023-04-01,Formiga,Representante 2,Produto B,86,40,3440
2023-09-13,Arcos,Representante 19,Produto B,6,20,120
2023-07-16,Pimenta,Representante 5,Produto B,80,10,800
2023-04-01,Formiga,Representante 11,Produto B,89,75,6675
2023-12-14,Formiga,Representante 1,Produto B,90,75,6750
2023-05-17,Arcos,Representante 7,Produto B,79,95,7505
2023-12-21,Pimenta,Representante 15,Produto B,41,85,3485
2023-11-24,Arcos,Representante 5,Produto A,51,10,510
2023-01-26,Arcos,Representante 11,Produto B,98,25,2450
2023-01-07,Formiga,Representante 16,Produto C,79,60,4740
2023-05-17,Arcos,Representante 10,Produto A,62,70,4340
2023-09-11,Formiga,Representante 2,Produto A,8,15,120
2023-07-30,Formiga,Representante 6,Produto B,5,45,225
2023-03-19,Arcos,Representante 12,Produto B,53,85,4505
2023-03-22,Arcos,Representante 19,Produto C,18,30,540
2023-02-12,Formiga,Representante 12,Produto A,94,65,6110
2023-12-25,Formiga,Representante 3,Produto B,81,35,2835
2023-11-28,Arcos,Representante 8,Produto B,32,30,960
2023-05-23,Formiga,Representante 13,Produto B,20,25,500
2023-02-01,Arcos,Representante 16,Produto B,78,85,6630
2023-04-19,Arcos,Representante 2,Produto B,20,85,1700
2023-09-20,Arcos,Representante 13,Produto C,66,15,990
2023-11-26,Formiga,Representante 13,Produto B,38,80,3040
2023-01-23,Arcos,Representante 6,Produto C,61,75,4575
2023-11-05,Arcos,Representante 19,Produto A,92,95,8740
2023-05-15,Formiga,Representante 11,Produto B,87,65,5655
2023-11-05,Arcos,Representante 12,Produto A,61,85,5185
2023-08-12,Pimenta,Representante 11,Produto A,29,65,1885
2023-06-15,Formiga,Representante 1,Produto C,71,95,6745
2023-08-05,Piumhi,Representante 8,Produto A,23,70,1610
2023-10-17,Arcos,Representante 1,Produto B,7,85,595
2023-03-10,Pimenta,Representante 8,Produto A,19,80,1520
2023-03-13,Formiga,Representante 12,Produto A,86,85,7310
2023-03-17,Formiga,Representante 8,Produto B,95,10,950
2023-03-04,Pimenta,Representante 16,Produto B,42,35,1470
2023-05-21,Piumhi,Representante 10,Produto C,48,75,3600
2023-07-29,Formiga,Representante 15,Produto A,30,65,1950
2023-12-19,Formiga,Representante 10,Produto A,22,60,1320
2023-12-13,Formiga,Representante 8,Produto B,92,40,3680
2023-06-02,Arcos,Representante 8,Produto A,61,15,915
2023-10-21,Formiga,Representante 2,Produto A,1,30,30
2023-10-04,Arcos,Representante 14,Produto A,92,90,8280
2023-02-10,Formiga,Representante 18,Produto A,1,90,90
2023-03-31,Formiga,Representante 11,Produto B,52,95,4940
2023-11-12,Arcos,Representante 2,Produto B,81,100,8100
2023-08-11,Formiga,Representante 19,Produto C,1,75,75
2023-01-16,Piumhi,Representante 16,Produto A,83,15,1245
2023-04-26,Pimenta,Representante 2,Produto A,66,55,3630
2023-04-04,Pimenta,Representante 9,Produto B,32,50,1600
2023-09-19,Arcos,Representante 5,Produto B,65,85,5525
2023-08-23,Formiga,Representante 6,Produto B,31,10,310
2023-03-27,Pimenta,Representante 18,Produto B,9,70,630
2023-12-08,Pimenta,Representante 17,Produto A,2,40,80
2023-02-08,Piumhi,Representante 12,Produto C,57,10,570
2023-06-08,Formiga,Representante 15,Produto C,62,65,4030
2023-08-28,Arcos,Representante 2,Produto C,42,90,3780
2023-07-28,Formiga,Representante 14,Produto C,66,40,2640
2023-11-02,Arcos,Representante 2,Produto A,26,25,650
2023-02-03,Pimenta,Representante 16,Produto B,84,100,8400
2023-01-04,Formiga,Representante 15,Produto B,84,20,1680
2023-01-13,Formiga,Representante 10,Produto A,64,40,2560
2023-03-10,Piumhi,Representante 3,Produto B,59,40,2360
2023-08-31,Arcos,Representante 2,Produto C,63,50,3150
2023-11-04,Formiga,Representante 11,Produto A,45,45,2025
2023-10-05,Pimenta,Representante 8,Produto C,73,95,6935
2023-03-30,Piumhi,Representante 16,Produto A,76,35,2660
2023-01-25,Formiga,Representante 9,Produto B,35,10,350
2023-10-18,Arcos,Representante 15,Produto B,92,70,6440
2023-10-13,Formiga,Representante 13,Produto B,30,35,1050
2023-06-08,Piumhi,Representante 18,Produto A,30,55,1650
2023-05-01,Piumhi,Representante 15,Produto A,87,70,6090
2023-04-20,Formiga,Representante 12,Produto B,35,25,875
2023-06-07,Formiga,Representante 9,Produto A,87,25,2175
2023-03-05,Arcos,Representante 3,Produto B,78,80,6240
2023-07-18,Arcos,Representante 13,Produto B,54,10,540
2023-03-08,Arcos,Representante 9,Produto A,46,30,1380
2023-05-31,Formiga,Representante 16,Produto C,49,90,4410
2023-12-01,Formiga,Representante 5,Produto A,31,15,465
2023-03-26,Arcos,Representante 8,Produto B,30,35,1050
2023-06-14,Formiga,Representante 18,Produto A,28,30,840
2023-05-16,Piumhi,Representante 6,Produto A,80,90,7200
2023-02-20,Pimenta,Representante 8,Produto A,53,95,5035
2023-03-15,Formiga,Representante 11,Produto C,22,100,2200
2023-06-27,Formiga,Representante 11,Produto C,55,70,3850
2023-12-28,Formiga,Representante 6,Produto A,21,75,1575
2023-08-24,Formiga,Representante 4,Produto C,29,25,725
2023-04-08,Formiga,Representante 15,Produto B,32,15,480
2023-11-26,Formiga,Representante 17,Produto B,68,60,4080
2023-08-02,Formiga,Representante 8,Produto C,62,65,4030
2023-05-07,Arcos,Representante 11,Produto B,76,35,2660
2023-07-31,Formiga,Representante 18,Produto A,67,10,670
2023-06-23,Arcos,Representante 14,Produto B,14,30,420
2023-09-30,Formiga,Representante 12,Produto B,54,75,4050
2023-10-29,Arcos,Representante 8,Produto B,94,45,4230
2023-11-06,Formiga,Representante 3,Produto A,14,90,1260
2023-08-20,Formiga,Representante 10,Produto B,18,90,1620
2023-08-31,Formiga,Representante 19,Produto B,52,30,1560
2023-12-16,Arcos,Representante 12,Produto B,10,25,250
2023-12-01,Formiga,Representante 14,Produto C,30,45,1350
2023-10-07,Pimenta,Representante 13,Produto C,89,80,7120
2023-04-23,Arcos,Representante 6,Produto C,80,30,2400
2023-04-17,Pimenta,Representante 7,Produto A,13,25,325
2023-05-31,Formiga,Representante 4,Produto A,44,100,4400
2023-06-03,Formiga,Representante 10,Produto C,26,75,1950
2023-04-12,Formiga,Representante 16,Produto C,90,10,900
2023-09-12,Formiga,Representante 16,Produto B,24,100,2400
2023-06-09,Formiga,Representante 3,Produto C,95,80,7600
2023-06-04,Piumhi,Representante 19,Produto B,41,95,3895
2023-01-05,Formiga,Representante 19,Produto A,32,85,2720
2023-11-22,Formiga,Representante 7,Produto A,27,75,2025
2023-09-29,Arcos,Representante 6,Produto B,10,95,950
2023-10-07,Formiga,Representante 15,Produto A,90,90,8100
2023-10-15,Arcos,Representante 2,Produto C,10,50,500
2023-10-04,Arcos,Representante 14,Produto B,2,80,160
2023-02-24,Formiga,Representante 4,Produto A,70,60,4200
2023-11-27,Formiga,Representante 10,Produto A,92,85,7820
2023-08-26,Formiga,Representante 5,Produto A,57,60,3420
2023-09-09,Arcos,Representante 12,Produto A,66,70,4620
2023-12-05,Piumhi,Representante 4,Produto C,45,100,4500
2023-02-08,Piumhi,Representante 3,Produto B,82,45,3690
2023-11-06,Formiga,Representante 7,Produto B,18,75,1350
2023-05-17,Formiga,Representante 11,Produto A,75,10,750
2023-08-14,Formiga,Representante 15,Produto A,7,10,70
2023-02-17,Formiga,Representante 2,Produto A,14,50,700
2023-03-18,Formiga,Representante 9,Produto B,56,90,5040
2023-03-24,Arcos,Representante 13,Produto A,50,55,2750
2023-07-03,Formiga,Representante 11,Produto A,34,80,2720
2023-02-08,Formiga,Representante 8,Produto B,48,35,1680
2023-07-15,Piumhi,Representante 8,Produto A,82,75,6150
2023-09-14,Arcos,Representante 6,Produto A,62,60,3720
2023-06-17,Formiga,Representante 5,Produto A,24,45,1080
2023-10-13,Pimenta,Representante 9,Produto C,73,95,6935
2023-04-04,Formiga,Representante 9,Produto C,41,85,3485
2023-09-29,Arcos,Representante 5,Produto A,1,50,50
2023-12-10,Formiga,Representante 16,Produto B,64,35,2240
2023-11-06,Formiga,Representante 10,Produto A,34,85,2890
2023-01-20,Pimenta,Representante 1,Produto B,61,50,3050
2023-12-26,Formiga,Representante 10,Produto A,93,25,2325
2023-07-14,Pimenta,Representante 2,Produto C,90,65,5850
2023-12-15,Formiga,Representante 3,Produto A,38,60,2280
2023-06-13,Formiga,Representante 13,Produto A,50,15,750
2023-02-21,Arcos,Representante 7,Produto A,99,30,2970
2023-12-30,Formiga,Representante 13,Produto A,17,50,850
2023-01-22,Formiga,Representante 15,Produto B,98,40,3920
2023-06-26,Arcos,Representante 6,Produto A,2,95,190
2023-02-11,Formiga,Representante 15,Produto B,38,50,1900
2023-11-11,Formiga,Representante 2,Produto B,96,70,6720
2023-03-25,Formiga,Representante 17,Produto A,14,10,140
2023-01-11,Formiga,Representante 3,Produto C,1,15,15
2023-05-01,Arcos,Representante 18,Produto A,57,100,5700
2023-10-29,Formiga,Representante 10,Produto C,63,40,2520
2023-03-26,Formiga,Representante 12,Produto A,61,95,5795
2023-12-31,Formiga,Representante 8,Produto A,100,25,2500
2023-07-13,Pimenta,Representante 8,Produto B,58,55,3190
2023-04-17,Arcos,Representante 9,Produto B,20,50,1000
2023-03-18,Arcos,Representante 4,Produto A,77,20,1540
2023-07-17,Formiga,Representante 20,Produto A,47,40,1880
2023-09-06,Formiga,Representante 15,Produto A,43,95,4085
2023-07-19,Formiga,Representante 17,Produto A,39,40,1560
2023-06-09,Arcos,Representante 2,Produto C,57,75,4275
2023-09-07,Pimenta,Representante 7,Produto B,92,35,3220
2023-10-19,Arcos,Representante 13,Produto B,59,100,5900
2023-01-16,Arcos,Representante 8,Produto C,58,75,4350
2023-02-02,Formiga,Representante 17,Produto A,22,85,1870
2023-02-09,Formiga,Representante 12,Produto A,44,15,660
2023-01-10,Arcos,Representante 13,Produto A,57,60,3420
2023-07-19,Formiga,Representante 16,Produto A,36,65,2340
2023-05-05,Arcos,Representante 10,Produto A,99,90,8910
2023-09-22,Formiga,Representante 5,Produto B,81,70,5670
2023-09-20,Arcos,Representante 15,Produto A,70,30,2100
2023-07-05,Formiga,Representante 6,Produto B,34,40,1360
2023-03-02,Formiga,Representante 17,Produto A,61,85,5185
2023-09-09,Pimenta,Representante 5,Produto B,38,55,2090
2023-06-01,Pimenta,Representante 11,Produto B,47,75,3525
2023-11-15,Formiga,Representante 16,Produto A,78,10,780
2023-02-23,Pimenta,Representante 12,Produto B,8,45,360
2023-01-26,Formiga,Representante 11,Produto C,35,35,1225
2023-08-23,Arcos,Representante 8,Produto B,55,50,2750
2023-10-16,Formiga,Representante 1,Produto B,40,10,400
2023-07-04,Arcos,Representante 3,Produto A,72,45,3240
2023-09-10,Arcos,Representante 14,Produto A,6,100,600
2023-04-25,Formiga,Representante 10,Produto B,26,75,1950
2023-01-10,Piumhi,Representante 20,Produto B,52,55,2860
2023-11-05,Piumhi,Representante 15,Produto C,43,65,2795
2023-02-23,Formiga,Representante 7,Produto B,4,30,120
2023-07-24,Arcos,Representante 16,Produto A,11,55,605
2023-12-29,Formiga,Representante 12,Produto C,20,75,1500
2023-09-24,Formiga,Representante 20,Produto B,24,90,2160
2023-01-25,Formiga,Representante 9,Produto A,87,65,5655
2023-02-21,Formiga,Representante 3,Produto A,4,90,360
2023-10-09,Formiga,Representante 19,Produto C,4,30,120
2023-08-03,Formiga,Representante 13,Produto A,84,55,4620
2023-12-12,Arcos,Representante 8,Produto B,64,55,3520
2023-06-09,Formiga,Representante 17,Produto A,99,50,4950
2023-02-26,Pimenta,Representante 4,Produto B,1,60,60
2023-04-15,Arcos,Representante 10,Produto B,15,80,1200
2023-12-23,Formiga,Representante 17,Produto A,80,100,8000
2023-10-06,Arcos,Representante 10,Produto B,98,25,2450
2023-09-27,Pimenta,Representante 5,Produto A,82,90,7380
2023-05-14,Arcos,Representante 11,Produto B,11,45,495
2023-12-13,Arcos,Representante 9,Produto A,57,50,2850
2023-05-09,Formiga,Representante 12,Produto A,33,100,3300
2023-08-06,Arcos,Representante 5,Produto A,13,40,520
2023-04-16,Pimenta,Representante 4,Produto A,1,35,35
2023-07-05,Pimenta,Representante 2,Produto A,63,95,5985
2023-12-03,Formiga,Representante 1,Produto B,64,45,2880
2023-10-12,Formiga,Representante 19,Produto A,35,65,2275
2023-01-26,Formiga,Representante 16,Produto C,20,55,1100
2023-01-27,Arcos,Representante 11,Produto A,76,35,2660
2023-01-07,Formiga,Representante 7,Produto A,80,35,2800
2023-09-02,Pimenta,Representante 5,Produto B,97,70,6790
2023-06-03,Arcos,Representante 2,Produto A,87,45,3915
2023-02-10,Piumhi,Representante 9,Produto C,2,90,180
2023-07-31,Formiga,Representante 15,Produto B,68,45,3060
2023-08-10,Piumhi,Representante 6,Produto A,54,65,3510
2023-06-08,Arcos,Representante 6,Produto A,69,65,4485
2023-12-15,Pimenta,Representante 4,Produto A,83,85,7055
2023-05-25,Formiga,Representante 15,Produto B,64,85,5440
2023-02-26,Formiga,Representante 6,Produto A,63,10,630
2023-05-28,Formiga,Representante 3,Produto B,35,75,2625
2023-06-12,Arcos,Representante 10,Produto C,34,85,2890
2023-08-26,Formiga,Representante 5,Produto A,84,55,4620
2023-06-10,Formiga,Representante 6,Produto A,26,80,2080
2023-03-07,Formiga,Representante 1,Produto C,42,40,1680
2023-01-04,Arcos,Representante 3,Produto A,63,20,1260
2023-11-26,Formiga,Representante 8,Produto C,57,25,1425
2023-08-13,Pimenta,Representante 2,Produto A,5,80,400
2023-04-27,Formiga,Representante 14,Produto C,51,70,3570
2023-01-25,Arcos,Representante 19,Produto C,22,75,1650
2023-05-16,Pimenta,Representante 1,Produto C,4,100,400
2023-02-24,Formiga,Representante 3,Produto A,96,75,7200
2023-08-05,Formiga,Representante 5,Produto A,15,10,150
2023-03-26,Arcos,Representante 13,Produto C,3,35,105
2023-02-14,Arcos,Representante 9,Produto A,79,90,7110
2023-05-26,Formiga,Representante 17,Produto C,89,20,1780
2023-06-19,Piumhi,Representante 15,Produto B,88,20,1760
2023-05-14,Formiga,Representante 14,Produto B,98,10,980
2023-07-18,Formiga,Representante 17,Produto B,43,90,3870
2023-12-27,Formiga,Representante 17,Produto A,40,95,3800
2023-06-25,Arcos,Representante 8,Produto A,34,50,1700
2023-09-02,Arcos,Representante 5,Produto A,50,75,3750
2023-11-05,Formiga,Representante 12,Produto A,86,80,6880
2023-04-14,Arcos,Representante 20,Produto B,19,85,1615
2023-11-05,Formiga,Representante 20,Produto A,46,70,3220
2023-11-15,Arcos,Representante 5,Produto C,42,90,3780
2023-07-18,Arcos,Representante 18,Produto C,3,50,150
2023-07-29,Arcos,Representante 8,Produto B,2,50,100
2023-12-15,Arcos,Representante 19,Produto A,38,45,1710
2023-08-13,Formiga,Representante 3,Produto C,32,45,1440
2023-09-15,Formiga,Representante 5,Produto A,53,85,4505
2023-06-26,Arcos,Representante 8,Produto C,75,100,7500
2023-05-21,Piumhi,Representante 12,Produto B,76,65,4940
2023-01-24,Formiga,Representante 5,Produto B,18,95,1710
2023-05-10,Formiga,Representante 15,Produto A,30,95,2850
2023-06-14,Formiga,Representante 10,Produto A,7,95,665
2023-07-10,Arcos,Representante 20,Produto B,13,80,1040
2023-03-17,Arcos,Representante 9,Produto A,77,65,5005
2023-09-26,Arcos,Representante 9,Produto A,75,60,4500
2023-06-19,Piumhi,Representante 17,Produto A,77,10,770
2023-07-17,Formiga,Representante 9,Produto C,85,45,3825
2023-12-28,Formiga,Representante 10,Produto B,10,95,950
2023-08-22,Formiga,Representante 5,Produto A,16,20,320
2023-03-05,Pimenta,Representante 11,Produto B,53,90,4770
2023-03-21,Pimenta,Representante 16,Produto A,1,40,40
2023-02-05,Pimenta,Representante 14,Produto B,57,80,4560
2023-10-18,Piumhi,Representante 14,Produto A,7,70,490
2023-09-10,Arcos,Representante 13,Produto B,35,40,1400
2023-12-09,Formiga,Representante 15,Produto B,94,50,4700
2023-11-19,Formiga,Representante 14,Produto B,80,95,7600
2023-02-17,Arcos,Representante 7,Produto A,74,60,4440
2023-04-21,Formiga,Representante 10,Produto A,81,85,6885
2023-10-06,Formiga,Representante 9,Produto A,65,10,650
2023-11-13,Piumhi,Representante 13,Produto A,100,60,6000
2023-10-22,Pimenta,Representante 14,Produto B,60,25,1500
2023-08-10,Arcos,Representante 16,Produto A,60,65,3900
2023-10-14,Formiga,Representante 5,Produto A,25,40,1000
2023-08-10,Arcos,Representante 13,Produto B,58,65,3770
2023-03-14,Piumhi,Representante 14,Produto B,54,35,1890
2023-10-19,Arcos,Representante 8,Produto B,2,25,50
2023-08-14,Formiga,Representante 7,Produto B,34,10,340
2023-10-05,Formiga,Representante 3,Produto C,37,35,1295
2023-06-21,Formiga,Representante 13,Produto C,69,10,690
2023-10-24,Pimenta,Representante 14,Produto C,71,30,2130
2023-12-14,Formiga,Representante 13,Produto B,34,10,340
2023-04-03,Piumhi,Representante 13,Produto B,62,70,4340
2023-05-05,Arcos,Representante 14,Produto C,36,25,900
2023-10-26,Arcos,Representante 18,Produto A,48,40,1920
2023-02-08,Piumhi,Representante 20,Produto B,60,75,4500
2023-08-25,Formiga,Representante 20,Produto A,19,45,855
2023-06-14,Pimenta,Representante 11,Produto B,97,75,7275
2023-04-17,Formiga,Representante 8,Produto B,93,55,5115
2023-02-02,Arcos,Representante 15,Produto A,20,45,900
2023-03-24,Formiga,Representante 8,Produto A,86,25,2150
2023-12-20,Formiga,Representante 15,Produto A,15,100,1500
2023-10-04,Arcos,Representante 1,Produto C,11,15,165
2023-07-28,Formiga,Representante 18,Produto A,50,50,2500
2023-03-17,Arcos,Representante 9,Produto B,49,10,490
2023-04-04,Formiga,Representante 12,Produto B,67,90,6030
2023-10-18,Formiga,Representante 17,Produto A,24,65,1560
2023-01-30,Piumhi,Representante 13,Produto A,62,85,5270
2023-08-05,Formiga,Representante 16,Produto A,68,100,6800
2023-06-24,Formiga,Representante 1,Produto B,33,50,1650
2023-11-19,Piumhi,Representante 6,Produto B,13,45,585
2023-04-25,Pimenta,Representante 17,Produto A,49,85,4165
2023-12-04,Arcos,Representante 6,Produto A,53,85,4505
2023-04-06,Formiga,Representante 4,Produto A,95,85,8075
2023-12-24,Pimenta,Representante 10,Produto B,59,60,3540
2023-06-19,Piumhi,Representante 15,Produto B,70,30,2100
2023-04-06,Pimenta,Representante 2,Produto A,7,25,175
2023-01-26,Formiga,Representante 7,Produto A,39,55,2145
2023-08-18,Piumhi,Representante 18,Produto C,60,80,4800
2023-05-28,Arcos,Representante 9,Produto B,63,20,1260
2023-12-16,Formiga,Representante 1,Produto B,60,35,2100
2023-07-21,Formiga,Representante 11,Produto A,54,60,3240
2023-03-22,Formiga,Representante 8,Produto A,21,55,1155
2023-12-04,Pimenta,Representante 18,Produto B,89,35,3115
2023-08-20,Arcos,Representante 14,Produto A,84,65,5460
2023-08-31,Piumhi,Representante 8,Produto B,47,100,4700
2023-04-16,Formiga,Representante 8,Produto A,5,75,375
2023-01-11,Piumhi,Representante 7,Produto B,95,75,7125
2023-04-23,Pimenta,Representante 20,Produto C,48,75,3600
2023-12-30,Arcos,Representante 18,Produto A,33,100,3300
2023-05-21,Arcos,Representante 8,Produto A,10,80,800
2023-01-31,Piumhi,Representante 9,Produto A,15,85,1275
2023-04-25,Formiga,Representante 6,Produto B,93,50,4650
2023-10-05,Pimenta,Representante 11,Produto A,51,60,3060
2023-04-04,Formiga,Representante 16,Produto B,21,30,630
2023-07-21,Formiga,Representante 10,Produto A,4,40,160
2023-01-16,Piumhi,Representante 5,Produto A,47,95,4465
2023-07-16,Arcos,Representante 20,Produto A,95,20,1900
2023-06-27,Formiga,Representante 9,Produto A,18,15,270
2023-06-26,Formiga,Representante 3,Produto A,59,40,2360
2023-01-12,Formiga,Representante 2,Produto C,9,45,405
2023-03-07,Formiga,Representante 3,Produto B,96,60,5760
2023-02-19,Piumhi,Representante 1,Produto A,53,55,2915
2023-07-23,Pimenta,Representante 8,Produto C,97,55,5335
2023-06-24,Formiga,Representante 3,Produto A,33,25,825
2023-05-14,Arcos,Representante 6,Produto B,91,40,3640
2023-05-02,Piumhi,Representante 8,Produto C,8,10,80
2023-11-11,Arcos,Representante 15,Produto C,85,80,6800
2023-09-16,Arcos,Representante 17,Produto A,35,70,2450
2023-12-19,Formiga,Representante 20,Produto A,28,30,840
2023-09-05,Arcos,Representante 19,Produto B,82,80,6560
2023-10-16,Formiga,Representante 18,Produto A,24,10,240
2023-02-17,Formiga,Representante 3,Produto C,96,30,2880
2023-11-27,Formiga,Representante 16,Produto C,54,20,1080
2023-04-10,Formiga,Representante 11,Produto B,37,70,2590
2023-04-18,Arcos,Representante 5,Produto B,4,100,400
2023-10-28,Formiga,Representante 12,Produto C,96,85,8160
2023-01-10,Formiga,Representante 3,Produto A,16,60,960
2023-06-19,Formiga,Representante 6,Produto A,30,90,2700
2023-10-07,Arcos,Representante 4,Produto A,4,75,300
2023-12-14,Arcos,Representante 10,Produto C,10,30,300
2023-07-28,Formiga,Representante 20,Produto C,25,90,2250
2023-11-11,Formiga,Representante 9,Produto C,19,20,380
2023-05-17,Piumhi,Representante 15,Produto A,53,85,4505
2023-11-05,Formiga,Representante 10,Produto A,89,50,4450
2023-04-18,Arcos,Representante 18,Produto B,24,65,1560
2023-01-08,Pimenta,Representante 11,Produto B,57,50,2850
2023-04-24,Formiga,Representante 18,Produto B,19,20,380
2023-09-18,Formiga,Representante 2,Produto A,99,65,6435
2023-01-29,Arcos,Representante 5,Produto A,40,50,2000
2023-11-02,Pimenta,Representante 5,Produto A,50,90,4500
2023-11-22,Formiga,Representante 20,Produto A,14,35,490
2023-03-15,Formiga,Representante 19,Produto B,50,50,2500
2023-10-09,Arcos,Representante 15,Produto B,42,10,420
2023-03-14,Piumhi,Representante 2,Produto A,12,60,720
2023-09-24,Arcos,Representante 10,Produto B,83,20,1660
2023-09-19,Arcos,Representante 20,Produto B,76,40,3040
2023-08-12,Formiga,Representante 6,Produto C,47,35,1645
2023-07-23,Pimenta,Representante 5,Produto C,44,80,3520
2023-07-30,Formiga,Representante 18,Produto A,6,30,180
2023-08-07,Arcos,Representante 9,Produto B,2,95,190
2023-07-03,Arcos,Representante 11,Produto A,83,65,5395
2023-12-18,Formiga,Representante 1,Produto A,76,85,6460
2023-06-04,Piumhi,Representante 7,Produto B,50,95,4750
2023-04-29,Arcos,Representante 14,Produto C,18,40,720
2023-12-10,Pimenta,Representante 8,Produto B,54,55,2970
2023-03-08,Arcos,Representante 3,Produto B,29,35,1015
2023-04-20,Formiga,Representante 17,Produto C,88,70,6160
2023-05-14,Arcos,Representante 13,Produto C,85,85,7225
2023-02-05,Arcos,Representante 16,Produto A,83,35,2905
2023-02-24,Arcos,Representante 1,Produto A,99,50,4950
2023-08-28,Formiga,Representante 5,Produto A,81,50,4050
2023-04-30,Formiga,Representante 17,Produto B,91,35,3185
2023-12-16,Arcos,Representante 8,Produto C,11,40,440
2023-10-31,Formiga,Representante 19,Produto B,32,85,2720
2023-01-10,Arcos,Representante 4,Produto C,79,45,3555
2023-06-02,Formiga,Representante 12,Produto B,79,80,6320
2023-04-10,Piumhi,Representante 11,Produto A,87,15,1305
2023-04-15,Formiga,Representante 11,Produto A,72,95,6840
2023-10-08,Formiga,Representante 10,Produto B,26,60,1560
2023-06-29,Pimenta,Representante 19,Produto A,57,60,3420
2023-10-05,Arcos,Representante 7,Produto A,54,55,2970
2023-08-29,Pimenta,Representante 17,Produto C,18,30,540
2023-01-24,Formiga,Representante 14,Produto A,38,55,2090
2023-06-16,Pimenta,Representante 11,Produto A,20,90,1800
2023-02-16,Arcos,Representante 2,Produto B,86,30,2580
2023-07-10,Arcos,Representante 13,Produto B,46,10,460
2023-02-06,Pimenta,Representante 20,Produto B,78,100,7800
2023-06-23,Arcos,Representante 4,Produto B,96,25,2400
2023-02-23,Piumhi,Representante 3,Produto B,6,95,570
2023-10-30,Formiga,Representante 10,Produto B,67,90,6030
2023-07-26,Formiga,Representante 20,Produto A,2,45,90
2023-01-19,Formiga,Representante 1,Produto C,8,25,200
2023-07-19,Arcos,Representante 20,Produto C,31,55,1705
2023-06-08,Formiga,Representante 19,Produto A,52,85,4420
2023-02-06,Piumhi,Representante 7,Produto B,25,45,1125
2023-04-13,Arcos,Representante 7,Produto A,93,75,6975
2023-09-01,Formiga,Representante 7,Produto A,28,85,2380
2023-02-17,Formiga,Representante 5,Produto A,50,30,1500
2023-07-07,Formiga,Representante 10,Produto B,93,85,7905
2023-05-19,Arcos,Representante 16,Produto A,1,60,60
2023-10-26,Formiga,Representante 15,Produto A,31,80,2480
2023-06-07,Formiga,Representante 14,Produto B,89,60,5340
2023-07-08,Arcos,Representante 1,Produto B,62,75,4650
2023-11-07,Formiga,Representante 5,Produto A,6,50,300
2023-07-08,Arcos,Representante 12,Produto C,56,25,1400
2023-02-26,Formiga,Representante 20,Produto C,20,20,400
2023-02-07,Piumhi,Representante 7,Produto A,92,10,920
2023-03-25,Pimenta,Representante 1,Produto A,50,35,1750
2023-11-15,Formiga,Representante 9,Produto C,74,65,4810
2023-06-23,Formiga,Representante 15,Produto B,53,30,1590
2023-11-30,Arcos,Representante 9,Produto A,5,90,450
2023-11-22,Arcos,Representante 20,Produto A,77,75,5775
2023-05-10,Piumhi,Representante 12,Produto A,9,20,180
2023-04-30,Formiga,Representante 10,Produto A,46,80,3680
2023-07-19,Arcos,Representante 3,Produto A,93,80,7440
2023-11-27,Piumhi,Representante 9,Produto B,96,25,2400
2023-01-21,Arcos,Representante 11,Produto B,98,35,3430
2023-07-18,Arcos,Representante 7,Produto A,76,25,1900
2023-03-28,Formiga,Representante 17,Produto C,59,60,3540
2023-03-13,Pimenta,Representante 4,Produto B,94,80,7520
2023-11-11,Arcos,Representante 9,Produto A,74,10,740
2023-07-21,Formiga,Representante 15,Produto B,10,10,100
2023-06-14,Formiga,Representante 1,Produto B,74,65,4810
2023-03-22,Pimenta,Representante 11,Produto A,62,15,930
2023-02-24,Formiga,Representante 1,Produto A,89,15,1335
2023-05-14,Arcos,Representante 5,Produto A,74,100,7400
2023-09-01,Formiga,Representante 17,Produto A,90,75,6750
2023-01-06,Pimenta,Representante 8,Produto B,71,80,5680
2023-05-08,Formiga,Representante 17,Produto A,17,65,1105
2023-06-05,Formiga,Representante 4,Produto A,95,10,950
2023-10-15,Formiga,Representante 19,Produto C,61,80,4880
2023-02-18,Piumhi,Representante 16,Produto C,49,90,4410
2023-08-15,Formiga,Representante 12,Produto C,32,90,2880
2023-08-27,Formiga,Representante 3,Produto B,87,100,8700
2023-12-06,Piumhi,Representante 7,Produto B,38,65,2470
2023-07-12,Formiga,Representante 10,Produto C,35,15,525
2023-07-16,Pimenta,Representante 3,Produto C,4,40,160
2023-10-30,Formiga,Representante 20,Produto B,39,80,3120
2023-05-28,Formiga,Representante 19,Produto A,4,20,80
2023-07-09,Formiga,Representante 4,Produto B,100,80,8000
2023-04-22,Formiga,Representante 8,Produto B,23,70,1610
2023-07-10,Arcos,Representante 20,Produto A,45,30,1350
2023-04-29,Formiga,Representante 17,Produto B,97,45,4365
2023-04-25,Formiga,Representante 15,Produto A,71,80,5680
2023-01-10,Formiga,Representante 9,Produto A,82,75,6150
2023-04-25,Arcos,Representante 13,Produto A,40,15,600
2023-02-28,Arcos,Representante 11,Produto A,59,25,1475
2023-11-01,Piumhi,Representante 14,Produto A,46,15,690
2023-03-02,Formiga,Representante 5,Produto B,37,10,370
2023-04-18,Arcos,Representante 11,Produto C,1,40,40
2023-10-19,Piumhi,Representante 5,Produto B,99,70,6930
2023-01-23,Arcos,Representante 1,Produto A,71,80,5680
2023-04-25,Formiga,Representante 2,Produto A,1,15,15
2023-03-29,Pimenta,Representante 4,Produto B,93,80,7440
2023-05-12,Formiga,Representante 6,Produto A,94,70,6580
2023-07-05,Arcos,Representante 5,Produto B,71,55,3905
2023-09-08,Formiga,Representante 19,Produto A,48,20,960
2023-07-22,Formiga,Representante 12,Produto A,77,35,2695
2023-09-03,Formiga,Representante 1,Produto B,2,15,30
2023-09-03,Pimenta,Representante 10,Produto A,86,30,2580
2023-06-27,Arcos,Representante 4,Produto A,77,75,5775
2023-09-08,Arcos,Representante 10,Produto A,58,95,5510
2023-02-17,Arcos,Representante 15,Produto B,80,30,2400
2023-05-11,Arcos,Representante 4,Produto B,39,30,1170
2023-02-02,Arcos,Representante 8,Produto A,93,90,8370
2023-06-11,Arcos,Representante 14,Produto A,65,50,3250
2023-11-18,Formiga,Representante 8,Produto A,14,80,1120
2023-03-05,Arcos,Representante 10,Produto A,55,95,5225
2023-06-17,Arcos,Representante 6,Produto B,60,75,4500
2023-10-03,Arcos,Representante 4,Produto B,97,15,1455
2023-03-19,Arcos,Representante 11,Produto A,98,25,2450
2023-06-02,Formiga,Representante 16,Produto A,77,45,3465
2023-07-18,Formiga,Representante 7,Produto A,45,20,900
2023-04-05,Arcos,Representante 8,Produto A,67,25,1675
2023-12-08,Pimenta,Representante 5,Produto C,27,90,2430
2023-08-09,Formiga,Representante 14,Produto B,24,15,360
2023-07-03,Arcos,Representante 14,Produto C,17,55,935
2023-06-10,Formiga,Representante 20,Produto A,19,95,1805
2023-04-18,Piumhi,Representante 7,Produto A,25,30,750
2023-08-30,Formiga,Representante 9,Produto B,20,30,600
2023-06-30,Arcos,Representante 20,Produto A,52,90,4680
2023-10-29,Formiga,Representante 12,Produto A,35,10,350
2023-01-24,Arcos,Representante 11,Produto A,78,75,5850
2023-11-12,Formiga,Representante 17,Produto A,11,65,715
2023-08-17,Arcos,Representante 2,Produto B,4,75,300
2023-08-12,Piumhi,Representante 8,Produto B,60,100,6000
2023-09-30,Arcos,Representante 5,Produto B,85,80,6800
2023-07-06,Formiga,Representante 20,Produto C,82,100,8200
2023-06-20,Formiga,Representante 6,Produto A,58,80,4640
2023-01-23,Formiga,Representante 3,Produto B,46,95,4370
2023-08-06,Formiga,Representante 20,Produto A,22,45,990
2023-10-28,Formiga,Representante 14,Produto A,36,95,3420
2023-05-16,Formiga,Representante 9,Produto A,67,95,6365
2023-03-20,Pimenta,Representante 20,Produto C,94,45,4230
2023-06-13,Formiga,Representante 4,Produto B,87,90,7830
2023-08-25,Arcos,Representante 7,Produto B,98,80,7840
2023-03-08,Arcos,Representante 19,Produto B,64,90,5760
2023-10-22,Formiga,Representante 8,Produto B,81,60,4860
2023-08-06,Formiga,Representante 6,Produto B,11,30,330
2023-10-11,Arcos,Representante 2,Produto C,71,15,1065
2023-07-28,Formiga,Representante 18,Produto A,28,10,280
2023-03-28,Pimenta,Representante 7,Produto A,53,25,1325
2023-06-30,Formiga,Representante 3,Produto A,34,75,2550
2023-12-24,Arcos,Representante 3,Produto A,53,90,4770
2023-05-18,Pimenta,Representante 13,Produto B,70,85,5950
2023-12-31,Formiga,Representante 8,Produto B,54,15,810
2023-12-24,Formiga,Representante 9,Produto A,76,45,3420
2023-02-10,Arcos,Representante 12,Produto A,13,30,390
2023-05-09,Formiga,Representante 19,Produto B,12,85,1020
2023-12-02,Formiga,Representante 2,Produto A,13,70,910
2023-08-20,Arcos,Representante 12,Produto C,65,100,6500
2023-11-30,Formiga,Representante 7,Produto B,40,80,3200
2023-08-06,Formiga,Representante 18,Produto A,40,40,1600
2023-11-24,Arcos,Representante 10,Produto B,100,40,4000
2023-05-07,Arcos,Representante 19,Produto C,89,100,8900
2023-02-10,Formiga,Representante 18,Produto A,96,70,6720
2023-09-21,Piumhi,Representante 16,Produto A,73,70,5110
2023-07-04,Formiga,Representante 15,Produto B,68,75,5100
2023-07-20,Formiga,Representante 15,Produto A,97,85,8245
2023-02-21,Formiga,Representante 3,Produto A,47,20,940
2023-08-13,Formiga,Representante 6,Produto A,48,100,4800
2023-03-08,Formiga,Representante 16,Produto A,51,85,4335
2023-06-17,Formiga,Representante 12,Produto B,45,100,4500
2023-09-15,Formiga,Representante 15,Produto B,22,15,330
2023-03-06,Piumhi,Representante 20,Produto A,69,15,1035
2023-01-29,Arcos,Representante 1,Produto A,63,10,630
2023-01-20,Formiga,Representante 12,Produto A,62,15,930
2023-07-25,Pimenta,Representante 20,Produto A,11,40,440
2023-05-04,Formiga,Representante 10,Produto A,89,15,1335
2023-03-21,Arcos,Representante 6,Produto A,27,45,1215
2023-09-20,Arcos,Representante 19,Produto A,80,35,2800
2023-08-16,Arcos,Representante 8,Produto C,44,55,2420
2023-02-14,Formiga,Representante 20,Produto A,90,20,1800
2023-11-28,Formiga,Representante 12,Produto C,47,55,2585
2023-10-08,Piumhi,Representante 12,Produto B,76,90,6840
2023-04-01,Formiga,Representante 2,Produto C,51,50,2550
2023-05-21,Arcos,Representante 6,Produto A,35,80,2800
2023-05-18,Formiga,Representante 10,Produto C,87,90,7830
2023-04-04,Formiga,Representante 10,Produto B,56,95,5320
2023-05-07,Formiga,Representante 7,Produto A,100,85,8500
2023-09-25,Arcos,Representante 11,Produto B,61,10,610
2023-01-08,Formiga,Representante 17,Produto C,39,20,780
2023-11-23,Formiga,Representante 8,Produto B,63,85,5355
2023-09-28,Formiga,Representante 5,Produto B,69,55,3795
2023-03-24,Arcos,Representante 15,Produto B,17,25,425
2023-08-23,Formiga,Representante 17,Produto A,97,45,4365
2023-06-16,Formiga,Representante 15,Produto A,36,90,3240
2023-09-12,Formiga,Representante 13,Produto A,81,85,6885
2023-03-28,Pimenta,Representante 17,Produto B,18,25,450
2023-05-02,Formiga,Representante 17,Produto C,20,60,1200
2023-03-12,Formiga,Representante 4,Produto C,73,55,4015
2023-09-17,Pimenta,Representante 2,Produto B,63,25,1575
2023-03-22,Formiga,Representante 12,Produto A,2,65,130
2023-09-21,Arcos,Representante 9,Produto B,90,25,2250
2023-03-08,Formiga,Representante 3,Produto B,3,55,165
2023-12-30,Formiga,Representante 19,Produto C,69,95,6555
2023-08-26,Formiga,Representante 2,Produto B,22,80,1760
2023-09-27,Formiga,Representante 4,Produto A,60,65,3900
2023-05-14,Formiga,Representante 14,Produto B,59,15,885
2023-05-17,Arcos,Representante 8,Produto C,32,100,3200
2023-06-10,Formiga,Representante 17,Produto A,90,90,8100
2023-04-26,Arcos,Representante 2,Produto A,1,70,70
2023-02-15,Formiga,Representante 5,Produto A,70,75,5250
2023-03-05,Formiga,Representante 3,Produto A,9,50,450
2023-01-19,Formiga,Representante 5,Produto B,21,45,945
2023-08-17,Formiga,Representante 4,Produto B,86,70,6020
2023-04-08,Pimenta,Representante 13,Produto B,82,60,4920
2023-05-09,Formiga,Representante 16,Produto C,25,30,750
2023-08-08,Arcos,Representante 13,Produto A,11,100,1100
2023-06-29,Arcos,Representante 4,Produto A,84,75,6300
2023-08-10,Piumhi,Representante 15,Produto B,60,25,1500
2023-11-20,Formiga,Representante 16,Produto A,91,70,6370
2023-03-31,Arcos,Representante 10,Produto B,9,20,180
2023-05-02,Formiga,Representante 16,Produto B,37,75,2775
2023-11-27,Formiga,Representante 5,Produto A,10,25,250
2023-10-02,Formiga,Representante 19,Produto A,52,30,1560
2023-10-18,Piumhi,Representante 12,Produto C,36,90,3240
2023-08-19,Formiga,Representante 1,Produto A,82,15,1230
2023-07-16,Piumhi,Representante 19,Produto C,99,90,8910
2023-11-13,Formiga,Representante 7,Produto B,84,55,4620
2023-06-18,Formiga,Representante 8,Produto C,75,25,1875
2023-08-05,Formiga,Representante 16,Produto B,27,75,2025
2023-02-18,Arcos,Representante 12,Produto A,99,90,8910
2023-12-07,Arcos,Representante 10,Produto A,81,30,2430
2023-03-10,Formiga,Representante 8,Produto A,34,75,2550
2023-11-16,Arcos,Representante 20,Produto C,19,20,380
2023-03-17,Arcos,Representante 18,Produto B,87,55,4785
2023-01-02,Arcos,Representante 20,Produto A,35,30,1050
2023-10-01,Arcos,Representante 6,Produto C,51,10,510
2023-09-17,Formiga,Representante 7,Produto C,29,95,2755
2023-04-16,Formiga,Representante 2,Produto C,92,80,7360
2023-04-21,Arcos,Representante 17,Produto B,55,95,5225
2023-12-09,Arcos,Representante 12,Produto A,42,55,2310
2023-03-13,Piumhi,Representante 13,Produto C,52,85,4420
2023-08-17,Piumhi,Representante 18,Produto A,56,80,4480
2023-01-11,Arcos,Representante 12,Produto C,77,90,6930
2023-07-26,Formiga,Representante 7,Produto B,82,40,3280
2023-12-01,Formiga,Representante 10,Produto B,20,85,1700
2023-02-25,Formiga,Representante 7,Produto B,47,95,4465
2023-04-16,Arcos,Representante 10,Produto A,26,75,1950
2023-09-28,Piumhi,Representante 8,Produto C,98,60,5880
2023-07-26,Piumhi,Representante 12,Produto C,99,65,6435
2023-12-30,Pimenta,Representante 14,Produto C,38,70,2660
2023-03-30,Formiga,Representante 19,Produto A,6,80,480
2023-10-19,Formiga,Representante 7,Produto A,91,70,6370
2023-09-20,Formiga,Representante 9,Produto B,73,10,730
2023-03-09,Arcos,Representante 8,Produto A,14,65,910
2023-04-30,Formiga,Representante 2,Produto A,18,10,180
2023-08-20,Piumhi,Representante 9,Produto A,3,80,240
2023-02-22,Formiga,Representante 10,Produto B,85,60,5100
2023-12-23,Piumhi,Representante 16,Produto B,68,30,2040
2023-10-07,Formiga,Representante 7,Produto A,95,20,1900
2023-08-18,Arcos,Representante 4,Produto C,17,15,255
2023-11-20,Arcos,Representante 2,Produto C,64,65,4160
2023-11-19,Arcos,Representante 15,Produto B,16,35,560
2023-01-11,Arcos,Representante 1,Produto C,44,40,1760
2023-03-15,Formiga,Representante 7,Produto A,22,25,550
2023-09-13,Pimenta,Representante 17,Produto A,31,55,1705
2023-12-15,Arcos,Representante 11,Produto C,83,60,4980
2023-03-29,Pimenta,Representante 4,Produto C,43,50,2150
2023-12-11,Formiga,Representante 4,Produto A,43,45,1935
2023-01-11,Formiga,Representante 6,Produto A,81,75,6075
2023-03-15,Formiga,Representante 20,Produto C,95,75,7125
2023-08-31,Formiga,Representante 17,Produto A,35,40,1400
2023-07-07,Pimenta,Representante 15,Produto B,25,35,875
2023-10-14,Piumhi,Representante 9,Produto B,78,100,7800
2023-11-26,Formiga,Representante 14,Produto C,15,80,1200
2023-06-22,Piumhi,Representante 8,Produto B,23,50,1150
2023-11-11,Arcos,Representante 14,Produto B,34,100,3400
2023-10-07,Formiga,Representante 17,Produto A,74,80,5920
2023-10-18,Arcos,Representante 17,Produto B,74,30,2220
2023-08-30,Arcos,Representante 7,Produto A,56,35,1960
2023-09-23,Arcos,Representante 5,Produto A,82,50,4100
2023-03-05,Formiga,Representante 17,Produto C,43,80,3440
2023-11-24,Piumhi,Representante 16,Produto A,5,25,125
2023-06-21,Formiga,Representante 5,Produto B,37,50,1850
2023-10-25,Formiga,Representante 11,Produto B,73,45,3285
2023-06-09,Arcos,Representante 17,Produto B,29,40,1160
2023-06-16,Arcos,Representante 11,Produto B,3,95,285
2023-06-15,Formiga,Representante 4,Produto A,43,55,2365
2023-01-17,Formiga,Representante 18,Produto B,26,65,1690
2023-08-17,Arcos,Representante 17,Produto A,92,60,5520
2023-12-31,Formiga,Representante 15,Produto A,78,35,2730
2023-03-20,Piumhi,Representante 2,Produto B,12,60,720
2023-08-15,Arcos,Representante 1,Produto B,14,50,700
2023-11-18,Formiga,Representante 9,Produto A,21,100,2100
2023-11-22,Formiga,Representante 3,Produto A,74,100,7400
2023-04-20,Formiga,Representante 4,Produto A,21,15,315
2023-11-11,Formiga,Representante 9,Produto A,69,20,1380
2023-08-31,Formiga,Representante 11,Produto B,88,80,7040
2023-09-22,Formiga,Representante 19,Produto A,82,70,5740
2023-01-23,Arcos,Representante 9,Produto C,74,10,740
2023-10-08,Piumhi,Representante 10,Produto C,8,90,720
2023-04-22,Formiga,Representante 16,Produto C,32,55,1760
2023-04-03,Arcos,Representante 12,Produto B,73,75,5475
2023-10-04,Formiga,Representante 13,Produto A,69,60,4140
2023-04-29,Arcos,Representante 13,Produto B,61,20,1220
2023-02-17,Formiga,Representante 15,Produto A,40,80,3200
2023-09-05,Formiga,Representante 4,Produto A,90,20,1800
2023-04-15,Piumhi,Representante 8,Produto A,65,80,5200
2023-06-20,Arcos,Representante 10,Produto A,50,90,4500
2023-07-03,Arcos,Representante 5,Produto B,44,90,3960
2023-01-04,Formiga,Representante 18,Produto A,42,20,840
2023-11-23,Formiga,Representante 14,Produto B,16,60,960
2023-11-08,Pimenta,Representante 6,Produto A,96,60,5760
2023-02-19,Pimenta,Representante 19,Produto B,63,40,2520
2023-05-19,Arcos,Representante 19,Produto A,65,75,4875
2023-09-03,Formiga,Representante 18,Produto C,77,55,4235
2023-11-27,Formiga,Representante 6,Produto C,19,95,1805
2023-11-12,Formiga,Representante 8,Produto A,83,95,7885
2023-09-07,Arcos,Representante 7,Produto B,51,100,5100
2023-08-18,Formiga,Representante 12,Produto B,28,45,1260
2023-03-26,Arcos,Representante 4,Produto A,90,65,5850
2023-11-26,Formiga,Representante 12,Produto B,86,40,3440
2023-05-01,Arcos,Representante 17,Produto C,98,40,3920
2023-04-24,Pimenta,Representante 10,Produto C,45,70,3150
2023-07-14,Piumhi,Representante 8,Produto B,12,50,600
2023-04-09,Arcos,Representante 10,Produto A,45,50,2250
2023-04-08,Formiga,Representante 15,Produto B,26,85,2210
2023-02-27,Formiga,Representante 10,Produto A,40,95,3800
2023-01-13,Pimenta,Representante 11,Produto A,45,65,2925
2023-01-08,Formiga,Representante 18,Produto A,89,60,5340
2023-09-15,Pimenta,Representante 20,Produto A,29,10,290
2023-05-03,Arcos,Representante 12,Produto A,82,20,1640
2023-09-19,Formiga,Representante 2,Produto B,15,75,1125
2023-03-28,Piumhi,Representante 1,Produto C,3,95,285
2023-01-17,Formiga,Representante 19,Produto B,72,40,2880
2023-07-25,Formiga,Representante 15,Produto A,57,60,3420
2023-07-18,Formiga,Representante 13,Produto C,4,100,400
2023-03-18,Formiga,Representante 6,Produto A,54,35,1890
2023-11-24,Arcos,Representante 3,Produto C,7,85,595
2023-12-24,Arcos,Representante 11,Produto B,59,70,4130
2023-08-22,Formiga,Representante 4,Produto A,42,85,3570
2023-01-17,Pimenta,Representante 10,Produto A,96,75,7200
2023-11-23,Piumhi,Representante 15,Produto A,67,80,5360
2023-02-24,Arcos,Representante 3,Produto C,11,40,440
2023-01-19,Arcos,Representante 4,Produto B,73,10,730
2023-08-29,Formiga,Representante 6,Produto C,3,85,255
2023-09-28,Formiga,Representante 15,Produto C,50,40,2000
2023-08-06,Formiga,Representante 7,Produto B,70,15,1050
2023-06-04,Formiga,Representante 2,Produto A,81,15,1215
2023-07-28,Formiga,Representante 20,Produto B,47,30,1410
2023-02-02,Formiga,Representante 17,Produto C,66,85,5610
2023-11-02,Formiga,Representante 13,Produto C,75,55,4125
2023-10-01,Arcos,Representante 6,Produto A,49,65,3185
2023-05-28,Arcos,Representante 2,Produto B,99,95,9405
2023-12-13,Formiga,Representante 12,Produto A,39,50,1950
2023-10-25,Piumhi,Representante 9,Produto B,47,35,1645
2023-03-15,Arcos,Representante 9,Produto A,98,65,6370
2023-02-22,Formiga,Representante 12,Produto B,34,10,340
2023-11-15,Formiga,Representante 19,Produto A,98,85,8330
2023-11-25,Formiga,Representante 2,Produto B,59,45,2655
2023-06-08,Formiga,Representante 6,Produto C,28,95,2660
2023-12-05,Pimenta,Representante 11,Produto A,56,80,4480
2023-02-24,Formiga,Representante 9,Produto B,9,80,720
2023-09-04,Formiga,Representante 19,Produto B,57,50,2850
2023-01-18,Piumhi,Representante 14,Produto B,70,25,1750
2023-12-30,Formiga,Representante 12,Produto C,4,80,320
2023-02-13,Arcos,Representante 1,Produto C,79,40,3160
2023-12-14,Arcos,Representante 2,Produto C,51,75,3825
2023-01-21,Arcos,Representante 18,Produto C,95,45,4275
2023-01-29,Piumhi,Representante 7,Produto B,10,55,550
2023-03-25,Formiga,Representante 5,Produto C,83,50,4150
2023-01-23,Piumhi,Representante 15,Produto B,72,40,2880
2023-02-11,Arcos,Representante 5,Produto A,47,25,1175
2023-07-16,Formiga,Representante 12,Produto B,3,55,165
2023-07-13,Formiga,Representante 4,Produto A,7,10,70
2023-03-23,Formiga,Representante 4,Produto B,41,10,410
2023-11-14,Formiga,Representante 8,Produto A,67,65,4355
2023-03-05,Formiga,Representante 1,Produto B,4,75,300
2023-03-18,Pimenta,Representante 20,Produto A,51,15,765
2023-04-17,Formiga,Representante 16,Produto A,13,65,845
2023-06-28,Formiga,Representante 15,Produto C,39,40,1560
2023-05-26,Pimenta,Representante 14,Produto C,12,10,120
2023-09-23,Formiga,Representante 10,Produto A,7,100,700
2023-07-20,Arcos,Representante 16,Produto B,13,20,260
2023-12-21,Piumhi,Representante 14,Produto B,7,25,175
2023-12-05,Arcos,Representante 13,Produto B,48,65,3120
2023-07-19,Formiga,Representante 8,Produto C,70,90,6300
2023-08-25,Formiga,Representante 18,Produto C,72,60,4320
2023-09-15,Arcos,Representante 15,Produto A,53,90,4770
2023-09-11,Formiga,Representante 2,Produto A,60,100,6000
2023-04-22,Pimenta,Representante 11,Produto B,30,85,2550
2023-01-05,Arcos,Representante 1,Produto A,96,40,3840
2023-04-10,Formiga,Representante 13,Produto B,100,95,9500
2023-05-23,Arcos,Representante 8,Produto B,4,50,200
2023-08-22,Arcos,Representante 8,Produto B,41,15,615
2023-04-13,Formiga,Representante 18,Produto B,50,25,1250
2023-02-27,Arcos,Representante 7,Produto A,78,30,2340
2023-10-17,Piumhi,Representante 13,Produto B,98,80,7840
2023-10-14,Pimenta,Representante 15,Produto B,47,100,4700
2023-01-18,Arcos,Representante 8,Produto A,7,75,525
2023-10-29,Arcos,Representante 16,Produto B,76,55,4180
2023-09-22,Arcos,Representante 14,Produto C,67,40,2680
2023-03-20,Formiga,Representante 16,Produto A,28,40,1120
2023-05-15,Formiga,Representante 12,Produto A,33,95,3135
2023-11-17,Pimenta,Representante 16,Produto A,91,10,910
2023-01-09,Arcos,Representante 11,Produto B,31,10,310
2023-12-21,Arcos,Representante 5,Produto B,44,25,1100
2023-10-08,Formiga,Representante 4,Produto B,100,25,2500
2023-05-10,Formiga,Representante 14,Produto C,41,65,2665
2023-07-15,Arcos,Representante 8,Produto A,65,15,975
2023-02-09,Formiga,Representante 15,Produto C,50,20,1000
2023-05-28,Arcos,Representante 11,Produto B,49,95,4655
2023-05-19,Arcos,Representante 20,Produto C,73,90,6570
2023-01-18,Formiga,Representante 10,Produto A,59,50,2950
2023-12-14,Formiga,Representante 19,Produto A,35,40,1400
2023-03-08,Arcos,Representante 5,Produto A,39,90,3510
2023-08-08,Formiga,Representante 1,Produto A,88,70,6160
2023-04-03,Formiga,Representante 12,Produto A,44,65,2860
2023-02-08,Arcos,Representante 18,Produto A,100,55,5500
2023-05-31,Formiga,Representante 6,Produto A,80,55,4400
2023-03-20,Formiga,Representante 19,Produto A,13,30,390
2023-12-10,Arcos,Representante 15,Produto A,38,65,2470
2023-06-17,Arcos,Representante 18,Produto B,17,90,1530
2023-06-10,Formiga,Representante 10,Produto B,61,95,5795
2023-01-29,Formiga,Representante 1,Produto B,22,25,550
2023-05-01,Arcos,Representante 6,Produto A,35,55,1925
2023-08-29,Pimenta,Representante 8,Produto A,51,65,3315
2023-06-02,Formiga,Representante 9,Produto A,47,45,2115
2023-02-11,Piumhi,Representante 18,Produto A,57,50,2850
2023-02-13,Formiga,Representante 15,Produto C,53,20,1060
2023-08-12,Formiga,Representante 8,Produto B,68,90,6120
2023-01-08,Formiga,Representante 5,Produto C,64,65,4160
2023-02-08,Pimenta,Representante 18,Produto B,3,60,180
2023-12-18,Formiga,Representante 8,Produto A,37,80,2960
2023-11-17,Arcos,Representante 20,Produto A,35,90,3150
2023-12-16,Pimenta,Representante 20,Produto A,67,50,3350
2023-11-10,Formiga,Representante 4,Produto A,12,85,1020
2023-08-05,Arcos,Representante 9,Produto C,81,10,810
2023-07-03,Formiga,Representante 11,Produto B,32,55,1760
2023-06-20,Formiga,Representante 16,Produto B,36,10,360
2023-02-25,Piumhi,Representante 10,Produto C,22,40,880
2023-10-05,Formiga,Representante 4,Produto A,11,65,715
2023-04-09,Formiga,Representante 1,Produto A,21,100,2100
2023-05-22,Piumhi,Representante 11,Produto B,10,75,750
2023-08-17,Formiga,Representante 2,Produto A,71,20,1420
2023-03-05,Arcos,Representante 8,Produto A,98,30,2940
2023-08-30,Formiga,Representante 13,Produto A,77,65,5005
2023-10-07,Piumhi,Representante 18,Produto A,56,10,560
2023-08-10,Piumhi,Representante 10,Produto B,26,15,390
2023-01-08,Pimenta,Representante 20,Produto A,1,75,75
2023-05-28,Formiga,Representante 19,Produto B,42,40,1680
2023-03-15,Arcos,Representante 4,Produto B,21,80,1680
2023-03-27,Formiga,Representante 13,Produto A,44,90,3960
2023-01-17,Formiga,Representante 15,Produto B,13,70,910
2023-05-17,Piumhi,Representante 3,Produto A,62,45,2790
2023-06-12,Piumhi,Representante 18,Produto B,79,100,7900
2023-07-04,Formiga,Representante 4,Produto A,82,10,820
2023-05-24,Arcos,Representante 18,Produto A,88,20,1760
2023-11-04,Formiga,Representante 12,Produto A,16,30,480
2023-12-21,Formiga,Representante 17,Produto B,90,15,1350
2023-02-04,Arcos,Representante 11,Produto A,90,40,3600
2023-01-26,Formiga,Representante 10,Produto B,84,90,7560
2023-09-26,Formiga,Representante 15,Produto C,54,70,3780
2023-02-05,Piumhi,Representante 20,Produto B,60,25,1500
2023-06-24,Arcos,Representante 16,Produto A,13,15,195
2023-01-28,Pimenta,Representante 4,Produto B,55,25,1375
2023-06-06,Formiga,Representante 14,Produto B,72,45,3240
2023-10-27,Formiga,Representante 6,Produto A,73,20,1460
2023-11-06,Arcos,Representante 5,Produto A,71,50,3550
2023-06-02,Formiga,Representante 2,Produto A,98,45,4410
2023-10-12,Formiga,Representante 20,Produto A,38,40,1520
2023-05-28,Pimenta,Representante 13,Produto B,65,45,2925
2023-04-03,Formiga,Representante 11,Produto B,44,25,1100
2023-09-26,Formiga,Representante 2,Produto B,72,100,7200
2023-07-24,Formiga,Representante 5,Produto A,88,60,5280
2023-06-12,Formiga,Representante 3,Produto C,20,60,1200
2023-01-05,Formiga,Representante 5,Produto C,9,35,315
2023-02-25,Formiga,Representante 4,Produto A,65,25,1625
2023-03-18,Piumhi,Representante 19,Produto B,98,10,980
2023-12-14,Piumhi,Representante 15,Produto C,66,100,6600
2023-06-21,Piumhi,Representante 5,Produto B,92,20,1840
2023-03-13,Formiga,Representante 18,Produto A,52,60,3120
2023-05-06,Formiga,Representante 14,Produto B,74,20,1480
2023-06-01,Formiga,Representante 9,Produto A,94,95,8930
2023-07-27,Formiga,Representante 11,Produto C,1,45,45
2023-03-16,Pimenta,Representante 3,Produto B,80,85,6800
2023-03-28,Formiga,Representante 11,Produto B,21,25,525
2023-04-04,Arcos,Representante 18,Produto A,72,15,1080
2023-10-31,Arcos,Representante 20,Produto A,8,95,760
2023-09-28,Formiga,Representante 6,Produto B,98,45,4410
2023-11-17,Arcos,Representante 1,Produto A,96,65,6240
2023-07-01,Formiga,Representante 6,Produto A,71,90,6390
2023-09-23,Arcos,Representante 4,Produto A,47,35,1645
2023-03-27,Arcos,Representante 18,Produto A,39,80,3120
2023-02-11,Formiga,Representante 11,Produto A,80,70,5600
2023-04-10,Piumhi,Representante 20,Produto B,12,35,420
2023-01-25,Formiga,Representante 11,Produto C,75,55,4125
2023-04-04,Formiga,Representante 14,Produto B,65,70,4550
2023-06-29,Pimenta,Representante 6,Produto A,65,85,5525
2023-10-20,Formiga,Representante 4,Produto A,77,20,1540
2023-01-27,Formiga,Representante 12,Produto A,94,100,9400
2023-07-20,Pimenta,Representante 16,Produto A,1,50,50
2023-07-30,Arcos,Representante 10,Produto C,5,80,400
2023-02-04,Pimenta,Representante 10,Produto C,98,35,3430
2023-07-10,Formiga,Representante 20,Produto C,84,50,4200
2023-12-09,Pimenta,Representante 7,Produto A,1,85,85
2023-03-17,Formiga,Representante 7,Produto A,4,100,400
2023-07-26,Arcos,Representante 8,Produto A,22,25,550
2023-10-18,Arcos,Representante 7,Produto A,68,70,4760
2023-06-06,Formiga,Representante 16,Produto B,22,40,880
2023-11-23,Arcos,Representante 8,Produto B,46,85,3910
2023-02-03,Arcos,Representante 3,Produto A,25,60,1500
2023-07-20,Piumhi,Representante 6,Produto B,84,95,7980
2023-10-30,Formiga,Representante 9,Produto A,36,75,2700
2023-05-09,Arcos,Representante 2,Produto B,10,25,250
2023-09-23,Formiga,Representante 13,Produto C,50,80,4000
2023-06-18,Formiga,Representante 18,Produto C,56,85,4760
2023-02-08,Arcos,Representante 1,Produto C,1,55,55
2023-08-30,Arcos,Representante 15,Produto B,90,60,5400
2023-12-30,Pimenta,Representante 8,Produto A,88,100,8800
2023-08-03,Formiga,Representante 11,Produto A,21,10,210
2023-04-13,Arcos,Representante 13,Produto C,100,30,3000
2023-03-21,Formiga,Representante 10,Produto B,62,85,5270
2023-12-12,Arcos,Representante 20,Produto A,26,15,390
2023-01-02,Arcos,Representante 13,Produto B,80,55,4400
2023-06-11,Arcos,Representante 9,Produto B,60,30,1800
2023-03-19,Formiga,Representante 5,Produto B,50,85,4250
2023-06-07,Arcos,Representante 3,Produto B,54,65,3510
2023-06-05,Formiga,Representante 9,Produto A,62,80,4960
2023-08-03,Formiga,Representante 20,Produto A,2,10,20
2023-07-05,Formiga,Representante 1,Produto B,96,65,6240
2023-10-13,Formiga,Representante 9,Produto B,94,45,4230
2023-08-05,Formiga,Representante 6,Produto A,26,55,1430
2023-11-22,Arcos,Representante 10,Produto B,78,55,4290
2023-07-14,Formiga,Representante 6,Produto B,97,40,3880
2023-07-06,Formiga,Representante 11,Produto A,72,55,3960
2023-04-25,Arcos,Representante 4,Produto A,61,80,4880
2023-08-26,Arcos,Representante 11,Produto A,95,35,3325
2023-02-17,Arcos,Representante 12,Produto A,100,30,3000
2023-05-18,Formiga,Representante 16,Produto C,51,100,5100
2023-01-28,Formiga,Representante 18,Produto A,63,40,2520
2023-07-23,Piumhi,Representante 2,Produto A,14,65,910
2023-08-30,Piumhi,Representante 18,Produto B,29,80,2320
2023-11-19,Piumhi,Representante 8,Produto B,18,25,450
2023-02-13,Arcos,Representante 5,Produto B,97,35,3395
2023-06-10,Formiga,Representante 9,Produto B,24,30,720
2023-06-13,Piumhi,Representante 3,Produto B,95,85,8075
2023-04-25,Piumhi,Representante 6,Produto C,5,50,250
2023-12-01,Formiga,Representante 14,Produto C,23,95,2185
2023-03-18,Formiga,Representante 5,Produto B,98,25,2450
2023-06-23,Arcos,Representante 2,Produto C,62,70,4340
2023-04-04,Formiga,Representante 9,Produto A,62,85,5270
2023-04-29,Formiga,Representante 4,Produto A,22,70,1540
2023-05-26,Formiga,Representante 12,Produto A,24,20,480
2023-12-30,Arcos,Representante 1,Produto A,44,35,1540
2023-04-13,Pimenta,Representante 1,Produto A,26,90,2340
2023-10-09,Formiga,Representante 18,Produto A,83,100,8300
2023-10-19,Arcos,Representante 12,Produto A,85,35,2975
2023-02-25,Formiga,Representante 11,Produto C,25,55,1375
2023-11-09,Formiga,Representante 12,Produto B,53,45,2385
2023-01-03,Formiga,Representante 11,Produto B,23,45,1035
2023-08-05,Formiga,Representante 15,Produto B,46,20,920
2023-01-11,Formiga,Representante 5,Produto A,97,55,5335
2023-02-20,Formiga,Representante 20,Produto B,17,95,1615
2023-09-29,Arcos,Representante 18,Produto B,42,95,3990
2023-01-11,Arcos,Representante 3,Produto A,41,30,1230
2023-08-18,Formiga,Representante 19,Produto B,72,80,5760
2023-12-18,Pimenta,Representante 17,Produto B,42,80,3360
2023-08-11,Formiga,Representante 15,Produto A,83,80,6640
2023-04-11,Formiga,Representante 3,Produto B,66,15,990
2023-05-25,Formiga,Representante 5,Produto B,51,30,1530
2023-05-13,Arcos,Representante 18,Produto A,39,90,3510
2023-04-25,Arcos,Representante 10,Produto C,70,35,2450
2023-12-01,Arcos,Representante 5,Produto A,34,100,3400
2023-08-31,Pimenta,Representante 3,Produto C,1,30,30
2023-04-06,Formiga,Representante 8,Produto C,92,25,2300
2023-11-14,Formiga,Representante 11,Produto A,74,75,5550
2023-04-01,Formiga,Representante 13,Produto A,40,80,3200
2023-03-30,Formiga,Representante 19,Produto B,10,65,650
2023-05-23,Formiga,Representante 4,Produto B,43,95,4085
2023-05-03,Piumhi,Representante 20,Produto A,32,35,1120
2023-10-18,Formiga,Representante 17,Produto A,79,35,2765
2023-01-30,Formiga,Representante 4,Produto A,60,85,5100
2023-06-11,Piumhi,Representante 16,Produto A,54,80,4320
2023-03-10,Formiga,Representante 9,Produto C,77,85,6545
2023-05-10,Formiga,Representante 14,Produto A,42,15,630
2023-07-27,Piumhi,Representante 11,Produto C,19,55,1045
2023-01-23,Formiga,Representante 5,Produto C,31,100,3100
2023-08-04,Piumhi,Representante 11,Produto A,66,45,2970
2023-10-04,Formiga,Representante 12,Produto C,61,80,4880
2023-10-02,Arcos,Representante 6,Produto A,99,30,2970
2023-07-30,Arcos,Representante 3,Produto C,87,20,1740
2023-07-30,Formiga,Representante 15,Produto A,54,60,3240
2023-07-16,Arcos,Representante 14,Produto A,53,25,1325
2023-06-22,Arcos,Representante 17,Produto C,17,40,680
2023-07-27,Formiga,Representante 7,Produto A,73,75,5475
2023-12-26,Formiga,Representante 1,Produto B,4,55,220
2023-02-01,Formiga,Representante 18,Produto B,96,80,7680
2023-02-17,Piumhi,Representante 3,Produto A,60,20,1200
2023-09-28,Piumhi,Representante 9,Produto B,82,80,6560
2023-06-03,Formiga,Representante 11,Produto C,29,25,725
2023-02-04,Arcos,Representante 20,Produto B,14,15,210
2023-02-24,Arcos,Representante 17,Produto A,76,75,5700
2023-06-01,Piumhi,Representante 15,Produto A,18,10,180
2023-01-17,Arcos,Representante 4,Produto B,50,95,4750
2023-11-23,Arcos,Representante 18,Produto A,1,30,30
2023-11-29,Formiga,Representante 3,Produto C,47,10,470
2023-07-05,Piumhi,Representante 20,Produto B,39,15,585
2023-09-26,Pimenta,Representante 4,Produto A,49,60,2940
2023-11-20,Formiga,Representante 11,Produto A,63,25,1575
2023-05-07,Formiga,Representante 12,Produto C,7,60,420
2023-01-25,Arcos,Representante 13,Produto A,57,70,3990
2023-01-29,Arcos,Representante 18,Produto B,51,35,1785
2023-06-30,Formiga,Representante 11,Produto A,48,30,1440
2023-01-16,Pimenta,Representante 8,Produto A,33,85,2805
2023-06-18,Arcos,Representante 19,Produto C,50,75,3750
2023-08-28,Formiga,Representante 16,Produto B,13,20,260
2023-01-09,Formiga,Representante 15,Produto B,82,100,8200
2023-10-20,Pimenta,Representante 18,Produto A,70,95,6650
2023-11-06,Formiga,Representante 20,Produto A,21,75,1575
2023-08-02,Formiga,Representante 5,Produto A,82,15,1230
2023-08-26,Formiga,Representante 7,Produto B,85,50,4250
2023-08-24,Arcos,Representante 18,Produto C,60,90,5400
2023-01-24,Formiga,Representante 18,Produto A,8,75,600
